,Betweenness Centrality,Community
Neville,0.3888888888888889,0
Harry,0.35555555555555557,1
Hermione,0.34444444444444444,0
Dumbledore,0.13333333333333333,1
Ron,0.11111111111111112,0
Hagrid,0.08888888888888889,0
Draco,0.0,0
Snape,0.0,0
Voldemort,0.0,1
Quirrell,0.0,1
Dobby,0.0,1
